image_name,bbox_x,bbox_y,bbox_width,bbox_height,expiry_text,lighting,angle,surface_type
IMG_0000.jpg,112,289,118,17,09/06/2027,low-light,oblique,paper
IMG_0001.jpg,152,273,132,17,13-Jan-2026,uneven,front,cardboard
IMG_0002.jpg,115,123,118,17,30/10/2026,artificial,oblique,cardboard
IMG_0003.jpg,387,150,118,17,02/05/2027,uneven,top,paper
IMG_0004.jpg,242,101,136,17,26-Nov-2026,artificial,top,foil
IMG_0005.jpg,210,295,118,17,04/06/2026,low-light,front,plastic
IMG_0006.jpg,283,188,118,17,17/09/2026,uneven,tilted,plastic
IMG_0007.jpg,163,196,136,17,07-Dec-2026,natural,tilted,cardboard
IMG_0008.jpg,198,280,136,22,29-Aug-2026,natural,front,paper
IMG_0009.jpg,219,125,118,17,16/06/2026,backlit,tilted,glass
IMG_0010.jpg,183,194,120,17,2027-06-05,low-light,oblique,foil
IMG_0011.jpg,136,255,124,17,24-Jul-2027,artificial,oblique,paper
IMG_0012.jpg,238,263,120,17,2026-12-10,uneven,oblique,foil
IMG_0013.jpg,116,180,118,17,20/10/2025,backlit,tilted,plastic
IMG_0014.jpg,261,154,135,17,28-Mar-2026,backlit,top,glass
IMG_0015.jpg,171,163,120,17,2026-01-17,uneven,tilted,cardboard
IMG_0016.jpg,304,192,136,17,05-Nov-2026,artificial,oblique,cardboard
IMG_0017.jpg,124,128,118,17,11/01/2027,artificial,oblique,glass
IMG_0018.jpg,297,197,118,17,26/04/2027,uneven,top,cardboard
IMG_0019.jpg,105,274,139,22,08-May-2026,natural,tilted,foil
IMG_0020.jpg,322,140,120,17,2025-12-16,backlit,front,foil
IMG_0021.jpg,359,127,118,17,18/01/2027,low-light,oblique,paper
IMG_0022.jpg,376,299,118,17,10/09/2026,uneven,front,cardboard
IMG_0023.jpg,109,128,120,17,2026-07-21,low-light,tilted,paper
IMG_0024.jpg,390,120,118,17,22/10/2025,natural,top,plastic
IMG_0025.jpg,165,268,118,17,20/02/2027,backlit,oblique,foil
IMG_0026.jpg,316,154,135,17,15-Feb-2027,uneven,oblique,foil
IMG_0027.jpg,291,212,132,17,06-Oct-2026,uneven,top,plastic
IMG_0028.jpg,132,186,118,17,04/05/2026,natural,oblique,cardboard
IMG_0029.jpg,136,281,118,17,06/04/2026,natural,oblique,plastic
IMG_0030.jpg,136,231,120,17,2025-09-25,artificial,tilted,glass
IMG_0031.jpg,167,285,135,17,31-Mar-2026,uneven,top,paper
IMG_0032.jpg,197,124,120,17,2026-12-21,natural,top,foil
IMG_0033.jpg,339,286,120,17,2026-10-31,natural,front,plastic
IMG_0034.jpg,273,127,132,17,10-Oct-2026,artificial,oblique,paper
IMG_0035.jpg,171,208,120,17,2027-02-24,artificial,tilted,glass
IMG_0036.jpg,326,240,118,17,06/05/2026,natural,front,cardboard
IMG_0037.jpg,221,142,118,17,08/09/2025,backlit,top,glass
IMG_0038.jpg,130,142,120,17,2026-03-30,backlit,front,glass
IMG_0039.jpg,246,208,120,17,2026-05-22,uneven,top,paper
IMG_0040.jpg,211,114,120,17,2026-03-06,uneven,front,foil
IMG_0041.jpg,399,222,118,17,21/10/2025,uneven,oblique,plastic
IMG_0042.jpg,195,117,118,17,26/01/2027,uneven,front,paper
IMG_0043.jpg,391,163,118,17,11/10/2026,uneven,front,cardboard
IMG_0044.jpg,398,244,120,17,2025-11-15,uneven,tilted,foil
IMG_0045.jpg,260,161,135,17,21-Mar-2026,low-light,top,paper
IMG_0046.jpg,253,217,124,17,12-Jul-2027,low-light,front,plastic
IMG_0047.jpg,388,125,136,17,06-Dec-2026,natural,oblique,cardboard
IMG_0048.jpg,278,117,118,17,22/05/2026,artificial,tilted,foil
IMG_0049.jpg,378,280,120,17,2026-02-01,low-light,front,cardboard
IMG_0050.jpg,153,134,132,17,26-Jun-2026,low-light,front,plastic
IMG_0051.jpg,239,172,118,17,13/03/2027,uneven,oblique,foil
IMG_0052.jpg,235,229,135,17,20-Mar-2026,backlit,tilted,plastic
IMG_0053.jpg,316,170,136,17,26-Nov-2025,natural,front,foil
IMG_0054.jpg,234,141,132,17,04-Jan-2026,backlit,top,cardboard
IMG_0055.jpg,138,276,118,17,02/09/2025,artificial,front,foil
IMG_0056.jpg,175,210,131,22,12-Apr-2027,artificial,front,foil
IMG_0057.jpg,283,153,118,17,01/09/2026,artificial,front,foil
IMG_0058.jpg,179,160,120,17,2027-03-20,artificial,oblique,glass
IMG_0059.jpg,270,300,118,17,18/09/2025,backlit,oblique,foil
IMG_0060.jpg,155,197,135,17,03-Feb-2026,natural,top,paper
IMG_0061.jpg,279,178,120,17,2026-03-16,artificial,oblique,plastic
IMG_0062.jpg,304,184,118,17,30/06/2027,low-light,front,foil
IMG_0063.jpg,360,202,136,22,18-Aug-2026,uneven,tilted,plastic
IMG_0064.jpg,191,248,120,17,2025-12-20,low-light,front,plastic
IMG_0065.jpg,276,286,120,17,2027-04-26,low-light,top,cardboard
IMG_0066.jpg,297,247,118,17,29/01/2027,artificial,tilted,plastic
IMG_0067.jpg,366,237,118,17,13/11/2026,artificial,tilted,glass
IMG_0068.jpg,269,259,136,17,03-Nov-2025,low-light,front,foil
IMG_0069.jpg,309,183,120,17,2027-01-25,backlit,tilted,cardboard
IMG_0070.jpg,315,270,118,17,01/01/2026,backlit,oblique,cardboard
IMG_0071.jpg,307,240,120,17,2027-03-29,natural,tilted,foil
IMG_0072.jpg,396,255,120,17,2026-03-27,low-light,top,glass
IMG_0073.jpg,209,230,136,17,19-Nov-2026,backlit,oblique,plastic
IMG_0074.jpg,271,123,132,17,10-Jun-2026,artificial,tilted,paper
IMG_0075.jpg,112,111,118,17,15/03/2026,artificial,top,cardboard
IMG_0076.jpg,312,261,120,17,2025-11-06,uneven,oblique,glass
IMG_0077.jpg,224,137,120,17,2027-01-12,natural,front,glass
IMG_0078.jpg,365,218,118,17,05/04/2026,natural,oblique,plastic
IMG_0079.jpg,337,270,118,17,04/12/2026,uneven,tilted,glass
IMG_0080.jpg,358,209,139,22,13-May-2027,uneven,top,paper
IMG_0081.jpg,232,292,120,17,2026-12-23,artificial,tilted,cardboard
IMG_0082.jpg,222,170,132,17,02-Jan-2027,backlit,front,foil
IMG_0083.jpg,271,181,120,17,2026-04-21,uneven,front,paper
IMG_0084.jpg,296,277,118,17,25/01/2026,artificial,oblique,plastic
IMG_0085.jpg,269,238,120,17,2026-10-22,backlit,top,plastic
IMG_0086.jpg,299,297,120,17,2026-03-23,uneven,front,cardboard
IMG_0087.jpg,103,190,120,17,2026-09-17,low-light,top,glass
IMG_0088.jpg,379,254,135,17,26-Feb-2027,artificial,top,paper
IMG_0089.jpg,348,107,120,17,2026-05-30,backlit,tilted,glass
IMG_0090.jpg,165,259,120,17,2026-02-09,uneven,front,glass
IMG_0091.jpg,113,121,131,22,22-Apr-2027,backlit,oblique,glass
IMG_0092.jpg,233,197,118,17,26/02/2026,low-light,oblique,glass
IMG_0093.jpg,294,171,120,17,2026-07-24,backlit,tilted,plastic
IMG_0094.jpg,376,113,118,17,18/12/2026,low-light,oblique,plastic
IMG_0095.jpg,115,163,118,17,22/06/2027,artificial,front,cardboard
IMG_0096.jpg,164,221,118,17,27/01/2026,natural,oblique,glass
IMG_0097.jpg,185,255,120,17,2026-05-13,uneven,front,paper
IMG_0098.jpg,396,106,118,17,08/07/2026,low-light,top,glass
IMG_0099.jpg,224,126,118,17,15/03/2026,low-light,front,cardboard
IMG_0100.jpg,372,209,120,17,2025-10-05,low-light,front,cardboard
IMG_0101.jpg,106,207,120,17,2027-06-18,backlit,front,glass
IMG_0102.jpg,335,281,136,22,29-Aug-2026,artificial,top,paper
IMG_0103.jpg,238,257,135,17,09-Feb-2027,uneven,top,glass
IMG_0104.jpg,237,182,136,17,13-Nov-2026,artificial,front,foil
IMG_0105.jpg,337,245,118,17,28/11/2026,uneven,top,foil
IMG_0106.jpg,266,146,120,17,2025-09-22,backlit,oblique,foil
IMG_0107.jpg,243,252,120,17,2026-05-15,low-light,front,cardboard
IMG_0108.jpg,223,284,118,17,07/03/2026,backlit,top,cardboard
IMG_0109.jpg,343,265,131,22,27-Apr-2026,backlit,top,plastic
IMG_0110.jpg,213,203,120,17,2025-11-27,artificial,tilted,cardboard
IMG_0111.jpg,383,235,120,17,2026-09-05,low-light,top,cardboard
IMG_0112.jpg,332,169,120,17,2026-07-28,low-light,tilted,paper
IMG_0113.jpg,198,180,136,17,25-Dec-2025,natural,oblique,paper
IMG_0114.jpg,347,170,131,22,02-Apr-2026,uneven,tilted,plastic
IMG_0115.jpg,216,192,120,17,2026-03-10,artificial,tilted,plastic
IMG_0116.jpg,240,111,118,17,21/02/2027,natural,tilted,paper
IMG_0117.jpg,152,103,120,17,2027-06-08,uneven,tilted,glass
IMG_0118.jpg,274,147,120,17,2026-12-27,natural,tilted,glass
IMG_0119.jpg,305,225,118,17,18/12/2025,natural,front,paper
IMG_0120.jpg,255,121,132,17,23-Jan-2026,artificial,front,cardboard
IMG_0121.jpg,215,298,132,17,24-Oct-2026,uneven,top,glass
IMG_0122.jpg,319,178,120,17,2026-11-20,uneven,front,cardboard
IMG_0123.jpg,208,167,118,17,03/12/2025,natural,oblique,paper
IMG_0124.jpg,138,140,135,17,17-Feb-2026,natural,top,glass
IMG_0125.jpg,249,108,120,17,2027-04-24,artificial,tilted,foil
IMG_0126.jpg,219,167,118,17,01/12/2026,uneven,oblique,glass
IMG_0127.jpg,215,265,136,17,19-Dec-2025,artificial,tilted,paper
IMG_0128.jpg,184,178,118,17,05/11/2025,uneven,tilted,glass
IMG_0129.jpg,255,279,120,17,2025-12-29,backlit,tilted,cardboard
IMG_0130.jpg,324,120,120,17,2027-02-27,uneven,front,glass
IMG_0131.jpg,228,106,124,17,20-Jul-2026,natural,oblique,cardboard
IMG_0132.jpg,237,247,118,17,17/04/2027,natural,oblique,glass
IMG_0133.jpg,326,171,135,17,06-Feb-2027,artificial,top,glass
IMG_0134.jpg,278,204,120,17,2025-11-25,low-light,tilted,plastic
IMG_0135.jpg,310,277,120,17,2026-02-04,backlit,tilted,glass
IMG_0136.jpg,332,122,118,17,10/03/2027,low-light,tilted,foil
IMG_0137.jpg,363,100,120,17,2025-12-20,uneven,top,glass
IMG_0138.jpg,365,192,118,17,18/10/2025,uneven,top,glass
IMG_0139.jpg,236,240,118,17,15/10/2025,artificial,tilted,glass
IMG_0140.jpg,114,261,118,17,02/01/2027,uneven,oblique,paper
IMG_0141.jpg,107,241,124,17,08-Jul-2026,backlit,front,paper
IMG_0142.jpg,160,265,120,17,2025-12-18,artificial,top,foil
IMG_0143.jpg,239,206,132,17,27-Jan-2027,backlit,top,paper
IMG_0144.jpg,174,198,136,17,04-Dec-2026,artificial,oblique,plastic
IMG_0145.jpg,274,229,120,17,2026-06-02,low-light,front,foil
IMG_0146.jpg,396,268,132,17,25-Jun-2026,backlit,oblique,glass
IMG_0147.jpg,276,185,120,17,2027-02-26,uneven,top,glass
IMG_0148.jpg,222,246,118,17,19/07/2026,backlit,oblique,glass
IMG_0149.jpg,342,280,120,17,2025-10-07,backlit,top,paper
IMG_0150.jpg,164,228,118,17,13/01/2027,uneven,tilted,plastic
IMG_0151.jpg,369,216,118,17,17/11/2026,natural,oblique,glass
IMG_0152.jpg,138,220,118,17,25/06/2027,low-light,tilted,cardboard
IMG_0153.jpg,141,184,132,17,05-Oct-2026,uneven,top,foil
IMG_0154.jpg,349,238,139,22,27-May-2027,natural,front,paper
IMG_0155.jpg,247,158,132,17,01-Jun-2027,natural,top,plastic
IMG_0156.jpg,151,213,132,17,03-Jun-2027,artificial,tilted,plastic
IMG_0157.jpg,128,175,120,17,2025-10-10,low-light,tilted,glass
IMG_0158.jpg,371,205,118,17,20/01/2026,uneven,oblique,paper
IMG_0159.jpg,295,258,118,17,19/02/2026,artificial,top,cardboard
IMG_0160.jpg,336,263,118,17,17/01/2026,low-light,top,foil
IMG_0161.jpg,338,173,118,17,07/07/2027,uneven,oblique,plastic
IMG_0162.jpg,400,176,120,17,2026-11-19,backlit,tilted,glass
IMG_0163.jpg,296,223,118,17,29/06/2026,natural,oblique,glass
IMG_0164.jpg,394,175,120,17,2027-04-01,low-light,front,glass
IMG_0165.jpg,389,275,118,17,01/06/2026,natural,top,foil
IMG_0166.jpg,280,156,131,22,16-Apr-2026,artificial,tilted,paper
IMG_0167.jpg,120,179,118,17,29/05/2027,backlit,front,cardboard
IMG_0168.jpg,167,123,136,22,01-Sep-2026,low-light,tilted,glass
IMG_0169.jpg,167,238,118,17,19/02/2026,low-light,tilted,paper
IMG_0170.jpg,251,291,120,17,2026-05-14,low-light,front,glass
IMG_0171.jpg,215,273,118,17,09/11/2025,backlit,tilted,plastic
IMG_0172.jpg,235,237,118,17,02/10/2026,natural,top,foil
IMG_0173.jpg,234,249,124,17,13-Jul-2027,backlit,tilted,plastic
IMG_0174.jpg,341,106,118,17,16/07/2027,uneven,tilted,cardboard
IMG_0175.jpg,132,262,131,22,07-Apr-2026,backlit,tilted,glass
IMG_0176.jpg,123,109,118,17,21/12/2025,low-light,top,plastic
IMG_0177.jpg,375,134,118,17,01/12/2025,backlit,top,foil
IMG_0178.jpg,376,207,124,17,11-Jul-2027,uneven,oblique,glass
IMG_0179.jpg,350,257,118,17,25/06/2027,backlit,tilted,plastic
IMG_0180.jpg,327,213,118,17,07/09/2026,artificial,tilted,plastic
IMG_0181.jpg,283,115,136,22,04-Sep-2026,backlit,tilted,paper
IMG_0182.jpg,146,269,120,17,2025-12-27,artificial,front,plastic
IMG_0183.jpg,164,244,118,17,31/07/2026,artificial,front,cardboard
IMG_0184.jpg,210,159,135,17,24-Mar-2026,low-light,oblique,cardboard
IMG_0185.jpg,174,133,120,17,2025-08-26,uneven,tilted,paper
IMG_0186.jpg,113,133,136,17,14-Dec-2025,natural,tilted,paper
IMG_0187.jpg,108,144,120,17,2027-04-18,low-light,front,paper
IMG_0188.jpg,158,290,132,17,29-Oct-2026,natural,top,glass
IMG_0189.jpg,155,215,136,22,29-Aug-2026,uneven,oblique,cardboard
IMG_0190.jpg,366,177,132,17,07-Oct-2025,backlit,front,plastic
IMG_0191.jpg,318,275,120,17,2026-12-27,natural,top,glass
IMG_0192.jpg,264,255,118,17,07/11/2025,artificial,front,paper
IMG_0193.jpg,399,240,132,17,01-Jun-2026,low-light,top,cardboard
IMG_0194.jpg,332,229,120,17,2027-02-18,uneven,top,plastic
IMG_0195.jpg,382,284,136,17,19-Dec-2025,artificial,top,glass
IMG_0196.jpg,273,216,120,17,2026-04-14,backlit,top,plastic
IMG_0197.jpg,260,270,120,17,2026-07-10,low-light,tilted,paper
IMG_0198.jpg,146,121,118,17,22/12/2026,natural,top,plastic
IMG_0199.jpg,384,115,118,17,09/09/2026,uneven,tilted,plastic
IMG_0200.jpg,316,284,120,17,2026-10-18,natural,tilted,cardboard
IMG_0201.jpg,153,247,120,17,2026-07-09,uneven,oblique,paper
IMG_0202.jpg,214,127,120,17,2027-06-27,low-light,tilted,plastic
IMG_0203.jpg,215,209,132,17,05-Jun-2026,uneven,front,cardboard
IMG_0204.jpg,236,107,132,17,28-Jun-2027,artificial,tilted,foil
IMG_0205.jpg,103,146,120,17,2026-08-06,artificial,top,plastic
IMG_0206.jpg,115,123,132,17,16-Jan-2026,uneven,oblique,glass
IMG_0207.jpg,274,140,120,17,2026-10-27,low-light,tilted,foil
IMG_0208.jpg,143,113,135,17,28-Mar-2027,artificial,oblique,cardboard
IMG_0209.jpg,141,169,132,17,13-Oct-2025,backlit,top,glass
IMG_0210.jpg,312,169,120,17,2027-05-07,artificial,front,foil
IMG_0211.jpg,245,273,118,17,07/11/2026,uneven,top,cardboard
IMG_0212.jpg,123,156,120,17,2027-07-08,backlit,front,plastic
IMG_0213.jpg,208,296,120,17,2026-03-21,artificial,tilted,foil
IMG_0214.jpg,103,227,118,17,25/07/2026,backlit,oblique,paper
IMG_0215.jpg,217,228,136,22,17-Sep-2026,uneven,tilted,plastic
IMG_0216.jpg,121,211,132,17,04-Oct-2026,natural,top,plastic
IMG_0217.jpg,319,246,124,17,10-Jul-2026,backlit,top,foil
IMG_0218.jpg,110,183,120,17,2025-12-19,artificial,top,foil
IMG_0219.jpg,154,162,120,17,2025-11-22,backlit,top,cardboard
IMG_0220.jpg,258,290,120,17,2025-11-12,low-light,oblique,foil
IMG_0221.jpg,361,262,118,17,12/02/2026,natural,oblique,foil
IMG_0222.jpg,175,160,136,22,18-Aug-2026,natural,oblique,foil
IMG_0223.jpg,178,294,118,17,14/03/2026,natural,oblique,glass
IMG_0224.jpg,396,214,136,17,12-Dec-2026,uneven,tilted,foil
IMG_0225.jpg,134,220,120,17,2026-01-25,backlit,tilted,foil
IMG_0226.jpg,280,229,118,17,21/04/2027,natural,tilted,glass
IMG_0227.jpg,129,194,118,17,29/11/2026,low-light,front,plastic
IMG_0228.jpg,359,198,139,22,15-May-2027,backlit,front,glass
IMG_0229.jpg,196,182,131,22,01-Apr-2027,uneven,top,cardboard
IMG_0230.jpg,330,126,118,17,25/01/2026,low-light,front,cardboard
IMG_0231.jpg,120,163,118,17,16/06/2027,backlit,top,cardboard
IMG_0232.jpg,181,193,135,17,10-Feb-2027,low-light,tilted,glass
IMG_0233.jpg,126,261,120,17,2026-10-16,low-light,front,foil
IMG_0234.jpg,297,172,136,17,28-Nov-2025,low-light,oblique,foil
IMG_0235.jpg,172,189,136,17,15-Nov-2025,low-light,top,paper
IMG_0236.jpg,143,179,131,22,25-Apr-2027,uneven,top,foil
IMG_0237.jpg,369,123,132,17,01-Jan-2026,backlit,tilted,plastic
IMG_0238.jpg,192,154,120,17,2026-08-30,low-light,top,paper
IMG_0239.jpg,179,119,118,17,12/04/2026,low-light,front,cardboard
IMG_0240.jpg,369,109,135,17,27-Feb-2027,low-light,oblique,cardboard
IMG_0241.jpg,183,146,118,17,13/09/2026,uneven,oblique,glass
IMG_0242.jpg,286,273,120,17,2025-10-07,artificial,top,cardboard
IMG_0243.jpg,329,159,132,17,11-Jun-2026,uneven,oblique,foil
IMG_0244.jpg,288,273,118,17,17/12/2026,uneven,top,glass
IMG_0245.jpg,357,235,120,17,2026-06-08,backlit,oblique,paper
IMG_0246.jpg,228,113,118,17,05/05/2027,backlit,tilted,cardboard
IMG_0247.jpg,364,131,136,17,07-Dec-2025,low-light,front,paper
IMG_0248.jpg,362,137,120,17,2026-05-30,backlit,front,paper
IMG_0249.jpg,113,206,120,17,2026-11-28,natural,top,cardboard
IMG_0250.jpg,297,120,118,17,10/09/2026,low-light,oblique,plastic
IMG_0251.jpg,271,137,118,17,16/07/2026,artificial,front,foil
IMG_0252.jpg,171,294,136,17,20-Dec-2026,backlit,top,cardboard
IMG_0253.jpg,109,165,118,17,29/08/2025,artificial,oblique,cardboard
IMG_0254.jpg,316,128,139,22,09-May-2027,low-light,oblique,foil
IMG_0255.jpg,222,207,118,17,26/12/2025,uneven,top,plastic
IMG_0256.jpg,374,104,120,17,2025-12-15,uneven,oblique,paper
IMG_0257.jpg,100,257,120,17,2026-06-18,low-light,oblique,cardboard
IMG_0258.jpg,143,234,118,17,24/10/2026,low-light,front,cardboard
IMG_0259.jpg,359,241,135,17,04-Mar-2027,natural,top,glass
IMG_0260.jpg,298,195,132,17,07-Oct-2025,low-light,front,foil
IMG_0261.jpg,223,287,120,17,2025-11-01,natural,tilted,paper
IMG_0262.jpg,379,186,120,17,2025-10-08,artificial,top,glass
IMG_0263.jpg,169,116,118,17,01/06/2027,backlit,front,foil
IMG_0264.jpg,202,110,118,17,18/03/2026,low-light,tilted,cardboard
IMG_0265.jpg,342,164,132,17,05-Oct-2026,natural,oblique,foil
IMG_0266.jpg,269,169,118,17,24/08/2026,natural,tilted,glass
IMG_0267.jpg,325,198,132,17,07-Oct-2026,low-light,oblique,glass
IMG_0268.jpg,365,168,120,17,2027-01-15,natural,top,plastic
IMG_0269.jpg,192,239,136,17,07-Nov-2026,low-light,tilted,plastic
IMG_0270.jpg,251,178,120,17,2025-11-13,backlit,top,paper
IMG_0271.jpg,328,110,120,17,2026-11-21,low-light,top,foil
IMG_0272.jpg,138,271,118,17,09/06/2027,backlit,tilted,cardboard
IMG_0273.jpg,115,136,118,17,20/07/2027,uneven,top,plastic
IMG_0274.jpg,220,299,118,17,31/12/2025,low-light,tilted,glass
IMG_0275.jpg,178,273,118,17,27/03/2027,backlit,tilted,foil
IMG_0276.jpg,393,135,118,17,21/11/2026,uneven,tilted,glass
IMG_0277.jpg,242,163,124,17,11-Jul-2026,natural,front,paper
IMG_0278.jpg,298,243,132,17,17-Jan-2027,natural,tilted,foil
IMG_0279.jpg,246,277,118,17,23/11/2026,backlit,oblique,plastic
IMG_0280.jpg,331,144,118,17,09/01/2026,backlit,front,foil
IMG_0281.jpg,133,240,120,17,2027-07-08,uneven,tilted,foil
IMG_0282.jpg,189,192,135,17,01-Feb-2026,uneven,oblique,plastic
IMG_0283.jpg,221,226,118,17,17/03/2026,natural,tilted,cardboard
IMG_0284.jpg,339,241,120,17,2027-04-02,artificial,front,plastic
IMG_0285.jpg,345,234,120,17,2026-07-06,backlit,top,cardboard
IMG_0286.jpg,262,264,118,17,07/11/2025,natural,top,glass
IMG_0287.jpg,276,132,124,17,21-Jul-2027,uneven,oblique,paper
IMG_0288.jpg,128,131,136,17,10-Nov-2026,uneven,oblique,foil
IMG_0289.jpg,265,281,118,17,08/02/2026,artificial,tilted,cardboard
IMG_0290.jpg,228,150,118,17,10/06/2026,uneven,tilted,paper
IMG_0291.jpg,373,123,120,17,2027-05-26,uneven,oblique,cardboard
IMG_0292.jpg,187,268,118,17,10/04/2027,uneven,tilted,cardboard
IMG_0293.jpg,141,111,118,17,05/10/2025,uneven,tilted,paper
IMG_0294.jpg,115,227,120,17,2027-04-01,uneven,tilted,foil
IMG_0295.jpg,307,176,118,17,31/12/2026,backlit,front,plastic
IMG_0296.jpg,312,223,120,17,2026-02-01,backlit,oblique,foil
IMG_0297.jpg,260,283,118,17,07/05/2027,low-light,tilted,glass
IMG_0298.jpg,363,243,120,17,2026-01-04,natural,tilted,paper
IMG_0299.jpg,236,215,118,17,14/12/2026,artificial,oblique,plastic
IMG_0300.jpg,296,257,120,17,2025-10-14,backlit,oblique,paper
IMG_0301.jpg,260,148,124,17,25-Jul-2026,artificial,top,cardboard
IMG_0302.jpg,257,227,120,17,2026-12-15,natural,front,glass
IMG_0303.jpg,223,155,120,17,2027-01-23,uneven,tilted,plastic
IMG_0304.jpg,353,252,120,17,2025-10-14,backlit,tilted,cardboard
IMG_0305.jpg,320,134,118,17,01/09/2025,low-light,tilted,glass
IMG_0306.jpg,305,113,118,17,02/09/2026,uneven,oblique,foil
IMG_0307.jpg,137,198,120,17,2027-03-13,uneven,top,cardboard
IMG_0308.jpg,160,132,132,17,06-Jun-2026,natural,top,foil
IMG_0309.jpg,287,293,136,22,06-Aug-2026,artificial,oblique,cardboard
IMG_0310.jpg,356,110,120,17,2027-01-27,natural,front,paper
IMG_0311.jpg,365,216,120,17,2026-07-31,artificial,oblique,foil
IMG_0312.jpg,183,200,120,17,2027-05-13,uneven,tilted,cardboard
IMG_0313.jpg,360,236,136,22,03-Aug-2026,backlit,tilted,glass
IMG_0314.jpg,269,272,120,17,2025-09-10,natural,top,cardboard
IMG_0315.jpg,113,252,124,17,05-Jul-2026,backlit,tilted,cardboard
IMG_0316.jpg,126,249,118,17,07/04/2027,backlit,oblique,cardboard
IMG_0317.jpg,294,137,139,22,30-May-2027,artificial,front,cardboard
IMG_0318.jpg,109,212,118,17,14/12/2025,low-light,top,paper
IMG_0319.jpg,204,205,132,17,20-Oct-2026,uneven,top,plastic
IMG_0320.jpg,206,243,132,17,12-Jan-2026,low-light,top,cardboard
IMG_0321.jpg,188,217,120,17,2026-09-13,uneven,tilted,cardboard
IMG_0322.jpg,235,256,136,22,21-Aug-2026,backlit,oblique,paper
IMG_0323.jpg,252,157,132,17,05-Jun-2026,low-light,tilted,paper
IMG_0324.jpg,345,189,120,17,2027-01-06,uneven,tilted,foil
IMG_0325.jpg,378,197,136,17,26-Dec-2025,backlit,tilted,paper
IMG_0326.jpg,247,282,118,17,17/06/2026,natural,tilted,glass
IMG_0327.jpg,345,154,120,17,2027-06-26,artificial,tilted,cardboard
IMG_0328.jpg,155,257,118,17,29/05/2026,uneven,oblique,paper
IMG_0329.jpg,371,157,132,17,14-Oct-2025,artificial,front,plastic
IMG_0330.jpg,341,125,120,17,2026-10-21,artificial,front,cardboard
IMG_0331.jpg,343,222,120,17,2026-02-01,artificial,tilted,foil
IMG_0332.jpg,130,296,132,17,12-Jun-2026,natural,oblique,cardboard
IMG_0333.jpg,313,145,118,17,01/10/2025,natural,top,glass
IMG_0334.jpg,248,109,135,17,02-Mar-2026,natural,tilted,cardboard
IMG_0335.jpg,271,172,118,17,03/05/2027,backlit,top,paper
IMG_0336.jpg,239,149,120,17,2027-01-22,natural,tilted,paper
IMG_0337.jpg,231,283,136,17,06-Dec-2026,artificial,front,foil
IMG_0338.jpg,198,144,132,17,22-Jun-2026,uneven,top,glass
IMG_0339.jpg,144,202,120,17,2027-02-02,natural,oblique,paper
IMG_0340.jpg,227,101,120,17,2026-12-25,low-light,top,paper
IMG_0341.jpg,268,177,120,17,2026-11-24,uneven,front,foil
IMG_0342.jpg,220,115,120,17,2027-06-24,natural,top,foil
IMG_0343.jpg,357,280,120,17,2026-02-03,low-light,front,foil
IMG_0344.jpg,213,156,136,22,04-Sep-2026,artificial,top,paper
IMG_0345.jpg,291,206,136,17,02-Dec-2026,uneven,top,cardboard
IMG_0346.jpg,226,274,118,17,05/07/2027,uneven,front,cardboard
IMG_0347.jpg,285,119,136,17,24-Nov-2026,uneven,front,plastic
IMG_0348.jpg,203,246,135,17,07-Mar-2027,uneven,oblique,paper
IMG_0349.jpg,326,129,124,17,25-Jul-2026,artificial,top,plastic
IMG_0350.jpg,128,216,120,17,2027-01-28,artificial,top,glass
IMG_0351.jpg,386,218,118,17,24/03/2027,low-light,front,glass
IMG_0352.jpg,211,248,118,17,11/05/2026,natural,front,glass
IMG_0353.jpg,132,238,136,22,11-Aug-2026,natural,front,glass
IMG_0354.jpg,309,146,120,17,2025-09-25,artificial,top,foil
IMG_0355.jpg,293,196,120,17,2026-09-19,natural,oblique,foil
IMG_0356.jpg,375,200,118,17,23/12/2025,uneven,oblique,paper
IMG_0357.jpg,252,218,118,17,27/08/2025,uneven,top,cardboard
IMG_0358.jpg,226,217,118,17,16/09/2026,low-light,oblique,foil
IMG_0359.jpg,157,108,135,17,05-Mar-2026,backlit,front,paper
IMG_0360.jpg,151,252,118,17,23/03/2026,natural,top,cardboard
IMG_0361.jpg,124,162,124,17,13-Jul-2027,natural,top,glass
IMG_0362.jpg,211,293,131,22,20-Apr-2026,natural,oblique,cardboard
IMG_0363.jpg,394,181,118,17,16/06/2026,uneven,tilted,paper
IMG_0364.jpg,366,156,118,17,29/06/2026,backlit,tilted,foil
IMG_0365.jpg,189,260,132,17,25-Oct-2025,backlit,top,plastic
IMG_0366.jpg,295,234,136,22,11-Aug-2026,low-light,top,glass
IMG_0367.jpg,292,147,120,17,2026-01-23,uneven,top,paper
IMG_0368.jpg,173,218,120,17,2026-04-11,natural,top,glass
IMG_0369.jpg,168,199,135,17,17-Mar-2027,artificial,tilted,paper
IMG_0370.jpg,140,215,124,17,28-Jul-2026,low-light,front,cardboard
IMG_0371.jpg,237,196,118,17,07/03/2026,uneven,front,plastic
IMG_0372.jpg,386,155,135,17,04-Mar-2026,backlit,oblique,foil
IMG_0373.jpg,208,148,118,17,30/06/2026,natural,top,paper
IMG_0374.jpg,204,201,139,22,04-May-2027,artificial,tilted,foil
IMG_0375.jpg,373,266,120,17,2026-09-17,low-light,tilted,foil
IMG_0376.jpg,354,219,136,22,27-Aug-2026,natural,top,foil
IMG_0377.jpg,260,205,120,17,2026-03-20,natural,oblique,paper
IMG_0378.jpg,383,249,120,17,2025-09-09,uneven,top,foil
IMG_0379.jpg,268,158,118,17,27/01/2026,backlit,oblique,glass
IMG_0380.jpg,272,165,135,17,10-Mar-2027,backlit,top,glass
IMG_0381.jpg,280,143,135,17,12-Feb-2026,artificial,top,paper
IMG_0382.jpg,130,234,135,17,02-Mar-2027,natural,front,plastic
IMG_0383.jpg,170,261,120,17,2025-08-30,artificial,front,paper
IMG_0384.jpg,358,216,118,17,02/09/2025,low-light,front,cardboard
IMG_0385.jpg,347,268,132,17,08-Jun-2027,backlit,front,plastic
IMG_0386.jpg,310,103,135,17,19-Feb-2027,natural,tilted,cardboard
IMG_0387.jpg,357,278,118,17,13/06/2026,backlit,oblique,plastic
IMG_0388.jpg,176,161,136,17,30-Nov-2025,artificial,tilted,foil
IMG_0389.jpg,140,195,120,17,2026-05-24,backlit,top,cardboard
IMG_0390.jpg,215,176,131,22,30-Apr-2026,natural,front,plastic
IMG_0391.jpg,293,241,120,17,2026-10-13,backlit,front,plastic
IMG_0392.jpg,355,211,118,17,15/02/2026,low-light,front,cardboard
IMG_0393.jpg,208,277,118,17,06/10/2025,uneven,top,foil
IMG_0394.jpg,243,239,118,17,10/10/2025,uneven,front,paper
IMG_0395.jpg,206,250,118,17,12/07/2026,artificial,top,plastic
IMG_0396.jpg,388,161,118,17,26/06/2026,uneven,top,cardboard
IMG_0397.jpg,171,276,120,17,2026-07-29,natural,tilted,plastic
IMG_0398.jpg,218,119,120,17,2025-12-02,low-light,top,foil
IMG_0399.jpg,239,300,136,22,23-Sep-2025,backlit,top,paper
IMG_0400.jpg,292,210,136,22,23-Aug-2026,artificial,top,plastic
IMG_0401.jpg,226,282,120,17,2027-05-19,natural,front,foil
IMG_0402.jpg,178,289,120,17,2026-01-28,backlit,tilted,foil
IMG_0403.jpg,102,178,118,17,11/12/2025,backlit,tilted,foil
IMG_0404.jpg,144,147,118,17,06/12/2025,backlit,top,cardboard
IMG_0405.jpg,308,126,135,17,15-Mar-2027,natural,front,foil
IMG_0406.jpg,266,198,118,17,14/03/2027,natural,tilted,glass
IMG_0407.jpg,386,162,118,17,25/09/2026,uneven,oblique,glass
IMG_0408.jpg,237,177,118,17,13/02/2026,low-light,top,paper
IMG_0409.jpg,322,170,118,17,27/10/2025,backlit,tilted,glass
IMG_0410.jpg,228,163,120,17,2025-11-10,backlit,oblique,glass
IMG_0411.jpg,255,101,118,17,11/12/2025,backlit,tilted,cardboard
IMG_0412.jpg,325,185,120,17,2026-09-17,backlit,oblique,foil
IMG_0413.jpg,202,222,124,17,18-Jul-2026,low-light,oblique,glass
IMG_0414.jpg,351,247,120,17,2026-07-16,artificial,tilted,glass
IMG_0415.jpg,286,129,120,17,2026-06-07,uneven,oblique,cardboard
IMG_0416.jpg,381,106,118,17,05/03/2027,backlit,oblique,glass
IMG_0417.jpg,135,204,132,17,18-Jun-2026,backlit,oblique,foil
IMG_0418.jpg,178,283,120,17,2026-04-28,backlit,top,plastic
IMG_0419.jpg,345,249,136,17,26-Nov-2026,backlit,top,cardboard
IMG_0420.jpg,374,252,120,17,2025-09-30,natural,front,paper
IMG_0421.jpg,281,142,132,17,28-Jun-2027,uneven,front,cardboard
IMG_0422.jpg,304,292,132,17,15-Jun-2027,low-light,top,plastic
IMG_0423.jpg,232,156,118,17,03/09/2025,uneven,oblique,glass
IMG_0424.jpg,337,297,120,17,2026-09-11,uneven,oblique,foil
IMG_0425.jpg,153,175,120,17,2025-09-18,backlit,front,plastic
IMG_0426.jpg,259,187,120,17,2026-01-16,backlit,oblique,cardboard
IMG_0427.jpg,343,124,120,17,2026-12-31,backlit,top,foil
IMG_0428.jpg,122,281,120,17,2025-10-31,natural,front,foil
IMG_0429.jpg,184,289,118,17,18/06/2027,artificial,oblique,cardboard
IMG_0430.jpg,386,209,120,17,2026-02-03,backlit,oblique,glass
IMG_0431.jpg,195,263,118,17,30/05/2027,backlit,top,plastic
IMG_0432.jpg,330,251,118,17,14/05/2027,backlit,top,plastic
IMG_0433.jpg,242,292,118,17,31/03/2026,natural,front,cardboard
IMG_0434.jpg,266,150,120,17,2026-03-03,backlit,front,foil
IMG_0435.jpg,370,263,120,17,2027-07-11,low-light,top,cardboard
IMG_0436.jpg,158,189,136,22,29-Sep-2026,low-light,top,cardboard
IMG_0437.jpg,252,257,135,17,16-Feb-2026,uneven,front,paper
IMG_0438.jpg,222,178,118,17,10/07/2026,natural,oblique,foil
IMG_0439.jpg,298,207,132,17,15-Jan-2026,uneven,oblique,cardboard
IMG_0440.jpg,195,224,120,17,2026-09-20,uneven,oblique,cardboard
IMG_0441.jpg,247,135,120,17,2026-02-10,artificial,tilted,glass
IMG_0442.jpg,283,102,118,17,20/05/2027,backlit,oblique,paper
IMG_0443.jpg,358,267,136,22,21-Sep-2026,backlit,top,glass
IMG_0444.jpg,327,225,132,17,23-Oct-2026,artificial,front,cardboard
IMG_0445.jpg,249,108,118,17,24/09/2025,low-light,oblique,cardboard
IMG_0446.jpg,334,244,118,17,15/06/2026,backlit,front,cardboard
IMG_0447.jpg,378,193,120,17,2025-12-18,uneven,front,glass
IMG_0448.jpg,317,126,118,17,06/03/2027,artificial,tilted,plastic
IMG_0449.jpg,278,122,120,17,2026-11-27,backlit,front,paper
IMG_0450.jpg,279,281,135,17,26-Mar-2026,uneven,top,paper
IMG_0451.jpg,205,152,118,17,16/05/2027,natural,tilted,cardboard
IMG_0452.jpg,375,143,132,17,07-Jun-2026,low-light,tilted,foil
IMG_0453.jpg,363,273,120,17,2027-04-02,natural,oblique,glass
IMG_0454.jpg,164,279,120,17,2025-10-23,artificial,oblique,paper
IMG_0455.jpg,301,225,118,17,19/07/2026,artificial,tilted,glass
IMG_0456.jpg,138,262,120,17,2026-09-12,natural,top,cardboard
IMG_0457.jpg,288,216,132,17,04-Jun-2026,backlit,tilted,cardboard
IMG_0458.jpg,147,287,136,22,26-Aug-2025,backlit,tilted,plastic
IMG_0459.jpg,211,209,120,17,2027-02-22,artificial,top,foil
IMG_0460.jpg,272,240,120,17,2026-07-20,uneven,oblique,cardboard
IMG_0461.jpg,124,111,120,17,2027-01-02,natural,top,plastic
IMG_0462.jpg,325,216,118,17,29/12/2025,natural,top,paper
IMG_0463.jpg,254,140,132,17,06-Jan-2026,low-light,front,foil
IMG_0464.jpg,290,270,118,17,07/05/2026,artificial,front,glass
IMG_0465.jpg,219,209,120,17,2027-05-26,natural,front,plastic
IMG_0466.jpg,139,133,120,17,2026-03-30,uneven,oblique,cardboard
IMG_0467.jpg,104,102,120,17,2027-07-21,low-light,front,glass
IMG_0468.jpg,136,158,120,17,2026-01-06,backlit,front,plastic
IMG_0469.jpg,288,176,120,17,2025-12-07,artificial,top,paper
IMG_0470.jpg,173,117,132,17,11-Jun-2027,uneven,front,cardboard
IMG_0471.jpg,325,189,118,17,20/06/2027,artificial,oblique,glass
IMG_0472.jpg,326,155,139,22,16-May-2027,natural,front,paper
IMG_0473.jpg,296,189,136,17,28-Dec-2025,backlit,tilted,paper
IMG_0474.jpg,143,163,120,17,2026-05-04,uneven,tilted,plastic
IMG_0475.jpg,205,232,120,17,2027-06-29,uneven,oblique,glass
IMG_0476.jpg,127,300,132,17,22-Jun-2026,artificial,top,glass
IMG_0477.jpg,355,263,118,17,17/12/2025,uneven,front,cardboard
IMG_0478.jpg,262,133,120,17,2025-09-05,backlit,top,foil
IMG_0479.jpg,188,295,135,17,06-Mar-2027,backlit,front,plastic
IMG_0480.jpg,107,167,118,17,17/04/2027,artificial,front,plastic
IMG_0481.jpg,246,260,132,17,05-Oct-2026,uneven,top,glass
IMG_0482.jpg,374,237,118,17,09/10/2026,uneven,oblique,foil
IMG_0483.jpg,140,230,120,17,2025-11-17,artificial,oblique,cardboard
IMG_0484.jpg,400,262,120,17,2026-07-24,natural,tilted,glass
IMG_0485.jpg,225,122,118,17,25/04/2026,backlit,front,glass
IMG_0486.jpg,128,179,139,22,12-May-2027,artificial,front,plastic
IMG_0487.jpg,105,141,132,17,11-Jan-2026,backlit,tilted,cardboard
IMG_0488.jpg,232,142,135,17,04-Feb-2027,low-light,oblique,foil
IMG_0489.jpg,271,209,118,17,22/12/2025,low-light,front,foil
IMG_0490.jpg,139,227,131,22,06-Apr-2027,backlit,tilted,plastic
IMG_0491.jpg,185,194,132,17,17-Jan-2027,artificial,tilted,plastic
IMG_0492.jpg,159,158,131,22,03-Apr-2027,uneven,front,plastic
IMG_0493.jpg,123,220,118,17,05/09/2025,low-light,top,paper
IMG_0494.jpg,383,282,118,17,23/02/2026,backlit,oblique,foil
IMG_0495.jpg,263,169,120,17,2026-05-05,natural,tilted,plastic
IMG_0496.jpg,126,145,132,17,20-Jan-2027,artificial,front,glass
IMG_0497.jpg,244,298,120,17,2025-11-02,low-light,tilted,plastic
IMG_0498.jpg,104,194,120,17,2027-03-13,artificial,tilted,cardboard
IMG_0499.jpg,224,218,124,17,01-Jul-2026,low-light,top,paper
IMG_0500.jpg,177,101,118,17,06/03/2027,backlit,front,paper
IMG_0501.jpg,104,185,120,17,2027-03-01,natural,top,foil
IMG_0502.jpg,371,160,118,17,08/12/2025,backlit,top,plastic
IMG_0503.jpg,243,123,132,17,16-Jan-2026,natural,oblique,cardboard
IMG_0504.jpg,290,217,132,17,20-Oct-2026,natural,front,cardboard
IMG_0505.jpg,301,119,132,17,07-Jan-2026,uneven,front,glass
IMG_0506.jpg,221,174,118,17,03/07/2027,low-light,tilted,glass
IMG_0507.jpg,331,169,120,17,2026-07-24,artificial,front,paper
IMG_0508.jpg,155,139,132,17,10-Jan-2026,natural,oblique,glass
IMG_0509.jpg,308,130,120,17,2026-12-14,uneven,tilted,paper
IMG_0510.jpg,337,167,120,17,2026-11-29,natural,front,paper
IMG_0511.jpg,120,155,124,17,01-Jul-2026,low-light,oblique,plastic
IMG_0512.jpg,302,231,120,17,2026-05-05,natural,tilted,foil
IMG_0513.jpg,307,215,118,17,18/02/2026,uneven,oblique,plastic
IMG_0514.jpg,171,131,118,17,10/12/2026,natural,front,paper
IMG_0515.jpg,305,195,118,17,04/01/2026,natural,tilted,plastic
IMG_0516.jpg,201,265,118,17,15/09/2025,backlit,oblique,plastic
IMG_0517.jpg,121,218,118,17,29/07/2026,natural,oblique,cardboard
IMG_0518.jpg,302,227,136,17,10-Nov-2026,natural,top,glass
IMG_0519.jpg,209,147,120,17,2026-02-16,low-light,tilted,glass
IMG_0520.jpg,225,265,118,17,23/01/2026,low-light,top,glass
IMG_0521.jpg,131,122,120,17,2027-03-10,low-light,top,paper
IMG_0522.jpg,369,163,118,17,27/10/2026,uneven,front,glass
IMG_0523.jpg,378,300,120,17,2026-08-26,backlit,tilted,cardboard
IMG_0524.jpg,298,169,120,17,2027-01-20,artificial,front,foil
IMG_0525.jpg,115,299,118,17,27/04/2027,low-light,front,glass
IMG_0526.jpg,399,159,120,17,2027-02-17,artificial,front,paper
IMG_0527.jpg,236,236,118,17,27/06/2027,natural,oblique,cardboard
IMG_0528.jpg,188,145,120,17,2026-09-25,artificial,tilted,foil
IMG_0529.jpg,280,245,118,17,21/04/2027,uneven,oblique,cardboard
IMG_0530.jpg,377,179,120,17,2026-03-04,artificial,top,plastic
IMG_0531.jpg,219,254,118,17,24/11/2025,artificial,front,cardboard
IMG_0532.jpg,269,257,118,17,26/12/2026,artificial,oblique,foil
IMG_0533.jpg,130,105,120,17,2026-02-21,artificial,oblique,plastic
IMG_0534.jpg,137,195,120,17,2027-02-13,backlit,front,foil
IMG_0535.jpg,169,140,120,17,2026-06-29,backlit,top,foil
IMG_0536.jpg,387,277,135,17,18-Feb-2026,uneven,tilted,paper
IMG_0537.jpg,189,196,124,17,06-Jul-2027,low-light,tilted,paper
IMG_0538.jpg,100,279,135,17,21-Feb-2026,uneven,top,cardboard
IMG_0539.jpg,262,256,118,17,26/09/2025,artificial,front,glass
IMG_0540.jpg,139,160,120,17,2026-01-15,low-light,tilted,paper
IMG_0541.jpg,271,214,118,17,06/06/2027,natural,tilted,paper
IMG_0542.jpg,134,189,139,22,06-May-2026,low-light,front,plastic
IMG_0543.jpg,324,287,120,17,2025-10-12,backlit,oblique,glass
IMG_0544.jpg,279,239,120,17,2027-01-10,backlit,front,glass
IMG_0545.jpg,215,141,131,22,07-Apr-2027,backlit,front,plastic
IMG_0546.jpg,263,166,118,17,21/06/2026,natural,front,foil
IMG_0547.jpg,182,287,120,17,2026-02-14,natural,front,foil
IMG_0548.jpg,347,280,131,22,24-Apr-2027,natural,top,paper
IMG_0549.jpg,180,113,120,17,2027-05-07,natural,tilted,paper
IMG_0550.jpg,383,284,120,17,2026-03-06,uneven,tilted,foil
IMG_0551.jpg,149,112,118,17,24/06/2026,backlit,top,paper
IMG_0552.jpg,101,209,120,17,2025-10-18,natural,tilted,cardboard
IMG_0553.jpg,149,106,118,17,28/12/2026,artificial,oblique,foil
IMG_0554.jpg,159,178,120,17,2025-11-15,backlit,top,glass
IMG_0555.jpg,146,264,120,17,2027-07-01,uneven,top,paper
IMG_0556.jpg,289,147,120,17,2026-09-07,backlit,front,foil
IMG_0557.jpg,234,157,120,17,2026-11-17,low-light,front,paper
IMG_0558.jpg,143,271,118,17,08/07/2027,low-light,top,cardboard
IMG_0559.jpg,131,199,131,22,13-Apr-2026,uneven,top,cardboard
IMG_0560.jpg,220,221,136,17,23-Dec-2026,low-light,front,glass
IMG_0561.jpg,392,232,136,22,28-Sep-2025,uneven,oblique,plastic
IMG_0562.jpg,185,154,118,17,26/11/2026,artificial,oblique,plastic
IMG_0563.jpg,322,151,118,17,31/10/2026,artificial,tilted,foil
IMG_0564.jpg,298,242,118,17,31/10/2025,backlit,tilted,foil
IMG_0565.jpg,106,279,120,17,2027-02-07,uneven,top,plastic
IMG_0566.jpg,175,245,118,17,22/10/2026,uneven,front,plastic
IMG_0567.jpg,246,237,118,17,23/03/2027,low-light,top,foil
IMG_0568.jpg,348,246,136,22,20-Sep-2026,uneven,top,plastic
IMG_0569.jpg,306,136,120,17,2026-02-16,uneven,top,plastic
IMG_0570.jpg,221,112,120,17,2026-10-03,backlit,tilted,foil
IMG_0571.jpg,255,179,120,17,2025-09-13,low-light,top,plastic
IMG_0572.jpg,253,290,118,17,14/04/2026,backlit,tilted,foil
IMG_0573.jpg,145,148,132,17,24-Oct-2026,backlit,oblique,glass
IMG_0574.jpg,291,114,132,17,02-Jan-2027,uneven,oblique,plastic
IMG_0575.jpg,359,203,124,17,08-Jul-2026,artificial,front,paper
IMG_0576.jpg,129,163,118,17,09/03/2026,natural,top,plastic
IMG_0577.jpg,201,170,136,22,28-Aug-2026,low-light,top,cardboard
IMG_0578.jpg,163,274,132,17,04-Oct-2026,natural,oblique,foil
IMG_0579.jpg,328,145,132,17,06-Jan-2027,backlit,tilted,foil
IMG_0580.jpg,146,172,120,17,2026-02-07,natural,top,plastic
IMG_0581.jpg,209,156,135,17,06-Feb-2026,artificial,oblique,foil
IMG_0582.jpg,362,105,120,17,2027-06-22,natural,top,paper
IMG_0583.jpg,104,157,118,17,17/06/2027,low-light,tilted,foil
IMG_0584.jpg,278,217,120,17,2026-10-31,low-light,oblique,glass
IMG_0585.jpg,366,259,132,17,29-Jun-2026,backlit,front,plastic
IMG_0586.jpg,291,243,132,17,29-Jan-2027,uneven,tilted,foil
IMG_0587.jpg,346,116,118,17,25/07/2027,low-light,tilted,foil
IMG_0588.jpg,252,148,120,17,2026-06-03,artificial,oblique,plastic
IMG_0589.jpg,263,274,120,17,2027-04-30,artificial,front,glass
IMG_0590.jpg,314,203,120,17,2026-06-22,backlit,front,cardboard
IMG_0591.jpg,275,285,118,17,01/04/2027,artificial,top,foil
IMG_0592.jpg,187,268,120,17,2027-01-25,uneven,oblique,foil
IMG_0593.jpg,165,289,120,17,2025-12-01,low-light,oblique,foil
IMG_0594.jpg,213,190,118,17,25/06/2027,artificial,tilted,glass
IMG_0595.jpg,233,249,120,17,2026-07-29,low-light,top,plastic
IMG_0596.jpg,398,248,118,17,18/12/2026,uneven,front,glass
IMG_0597.jpg,161,274,135,17,11-Mar-2026,backlit,tilted,glass
IMG_0598.jpg,170,151,118,17,18/10/2025,low-light,top,cardboard
IMG_0599.jpg,261,283,118,17,05/12/2026,artificial,front,glass
IMG_0600.jpg,190,180,124,17,30-Jul-2026,natural,front,glass
IMG_0601.jpg,186,247,118,17,31/05/2026,artificial,top,plastic
IMG_0602.jpg,322,262,132,17,03-Jan-2026,backlit,top,glass
IMG_0603.jpg,102,109,120,17,2026-12-25,uneven,oblique,foil
IMG_0604.jpg,371,148,120,17,2025-09-07,natural,front,paper
IMG_0605.jpg,276,179,131,22,12-Apr-2026,artificial,front,glass
IMG_0606.jpg,256,142,132,17,21-Jan-2027,natural,front,foil
IMG_0607.jpg,366,252,120,17,2026-06-17,uneven,tilted,glass
IMG_0608.jpg,350,191,120,17,2026-01-08,artificial,oblique,glass
IMG_0609.jpg,214,286,118,17,12/09/2025,artificial,oblique,plastic
IMG_0610.jpg,186,131,131,22,19-Apr-2027,low-light,front,glass
IMG_0611.jpg,373,259,120,17,2027-06-10,natural,front,plastic
IMG_0612.jpg,124,276,118,17,24/06/2027,natural,top,glass
IMG_0613.jpg,380,164,118,17,17/09/2026,backlit,oblique,paper
IMG_0614.jpg,254,207,118,17,31/05/2027,natural,tilted,cardboard
IMG_0615.jpg,170,207,139,22,06-May-2027,natural,front,foil
IMG_0616.jpg,354,150,118,17,18/12/2025,uneven,oblique,foil
IMG_0617.jpg,283,280,118,17,10/02/2027,backlit,tilted,paper
IMG_0618.jpg,354,153,132,17,03-Oct-2025,backlit,tilted,paper
IMG_0619.jpg,145,128,118,17,26/08/2025,uneven,top,paper
IMG_0620.jpg,138,285,136,17,24-Nov-2025,natural,tilted,paper
IMG_0621.jpg,235,218,120,17,2026-12-04,natural,front,paper
IMG_0622.jpg,284,273,120,17,2025-10-03,low-light,top,plastic
IMG_0623.jpg,104,135,118,17,29/11/2025,artificial,tilted,foil
IMG_0624.jpg,237,287,136,17,15-Nov-2026,natural,tilted,foil
IMG_0625.jpg,305,202,118,17,27/02/2026,backlit,tilted,glass
IMG_0626.jpg,185,128,120,17,2026-12-26,artificial,front,paper
IMG_0627.jpg,347,245,120,17,2025-12-08,backlit,oblique,cardboard
IMG_0628.jpg,114,275,120,17,2026-09-16,artificial,top,glass
IMG_0629.jpg,325,111,120,17,2025-12-17,natural,tilted,foil
IMG_0630.jpg,368,296,136,22,05-Sep-2025,uneven,oblique,foil
IMG_0631.jpg,148,210,135,17,06-Feb-2027,artificial,top,foil
IMG_0632.jpg,297,138,124,17,04-Jul-2027,uneven,front,plastic
IMG_0633.jpg,358,220,118,17,13/06/2027,backlit,oblique,plastic
IMG_0634.jpg,223,184,120,17,2027-01-09,low-light,front,cardboard
IMG_0635.jpg,293,203,131,22,09-Apr-2026,artificial,front,glass
IMG_0636.jpg,329,122,136,17,21-Nov-2026,backlit,top,foil
IMG_0637.jpg,109,126,120,17,2025-12-23,backlit,top,plastic
IMG_0638.jpg,100,123,135,17,17-Mar-2027,uneven,tilted,cardboard
IMG_0639.jpg,333,187,118,17,22/03/2027,low-light,front,paper
IMG_0640.jpg,386,296,120,17,2026-12-02,uneven,top,foil
IMG_0641.jpg,149,294,118,17,30/11/2026,artificial,front,foil
IMG_0642.jpg,249,240,136,22,22-Aug-2026,uneven,tilted,plastic
IMG_0643.jpg,352,135,118,17,09/10/2025,backlit,front,foil
IMG_0644.jpg,196,130,118,17,11/05/2027,backlit,oblique,glass
IMG_0645.jpg,273,127,135,17,07-Mar-2026,backlit,front,cardboard
IMG_0646.jpg,334,268,120,17,2025-12-28,uneven,oblique,glass
IMG_0647.jpg,124,241,136,22,28-Aug-2025,backlit,top,cardboard
IMG_0648.jpg,396,144,135,17,21-Feb-2026,artificial,front,glass
IMG_0649.jpg,264,229,132,17,28-Jun-2027,backlit,top,cardboard
IMG_0650.jpg,303,187,120,17,2026-05-05,low-light,top,paper
IMG_0651.jpg,362,176,120,17,2026-01-12,uneven,tilted,cardboard
IMG_0652.jpg,202,153,118,17,02/06/2027,uneven,tilted,foil
IMG_0653.jpg,191,228,118,17,13/07/2027,uneven,tilted,plastic
IMG_0654.jpg,345,249,136,22,19-Aug-2026,uneven,top,cardboard
IMG_0655.jpg,106,233,120,17,2026-06-12,natural,front,glass
IMG_0656.jpg,128,151,118,17,19/01/2026,low-light,oblique,foil
IMG_0657.jpg,174,115,120,17,2027-07-24,low-light,oblique,cardboard
IMG_0658.jpg,331,126,120,17,2025-09-26,uneven,oblique,cardboard
IMG_0659.jpg,361,300,118,17,26/09/2026,low-light,front,glass
IMG_0660.jpg,260,241,120,17,2026-09-24,natural,front,foil
IMG_0661.jpg,326,157,135,17,19-Mar-2026,low-light,oblique,paper
IMG_0662.jpg,190,274,120,17,2026-06-21,natural,oblique,paper
IMG_0663.jpg,293,110,118,17,01/02/2027,backlit,tilted,cardboard
IMG_0664.jpg,182,249,118,17,21/05/2026,low-light,front,foil
IMG_0665.jpg,179,110,136,17,14-Dec-2026,artificial,tilted,cardboard
IMG_0666.jpg,254,225,132,17,15-Oct-2025,uneven,tilted,plastic
IMG_0667.jpg,212,147,124,17,15-Jul-2026,uneven,front,cardboard
IMG_0668.jpg,378,237,120,17,2026-02-03,backlit,front,foil
IMG_0669.jpg,269,184,118,17,07/04/2026,low-light,tilted,paper
IMG_0670.jpg,343,243,139,22,19-May-2027,natural,front,foil
IMG_0671.jpg,224,110,118,17,23/11/2026,low-light,top,plastic
IMG_0672.jpg,376,285,120,17,2026-09-23,low-light,front,cardboard
IMG_0673.jpg,360,214,136,22,11-Sep-2026,backlit,front,foil
IMG_0674.jpg,264,231,118,17,22/06/2027,natural,front,paper
IMG_0675.jpg,103,260,135,17,25-Feb-2027,natural,oblique,paper
IMG_0676.jpg,205,237,118,17,01/11/2026,backlit,front,paper
IMG_0677.jpg,269,109,120,17,2025-09-17,natural,front,plastic
IMG_0678.jpg,385,118,120,17,2026-02-22,uneven,oblique,foil
IMG_0679.jpg,330,261,120,17,2026-10-15,backlit,top,foil
IMG_0680.jpg,160,236,120,17,2025-09-10,natural,front,cardboard
IMG_0681.jpg,137,191,132,17,09-Oct-2025,uneven,front,foil
IMG_0682.jpg,144,172,132,17,28-Jun-2026,backlit,top,glass
IMG_0683.jpg,342,140,118,17,01/07/2027,uneven,oblique,paper
IMG_0684.jpg,251,262,136,22,28-Sep-2026,artificial,tilted,foil
IMG_0685.jpg,384,136,136,22,04-Sep-2025,natural,front,plastic
IMG_0686.jpg,301,237,131,22,02-Apr-2027,uneven,front,foil
IMG_0687.jpg,276,154,135,17,27-Mar-2026,backlit,oblique,paper
IMG_0688.jpg,229,149,118,17,28/02/2026,natural,oblique,cardboard
IMG_0689.jpg,336,265,132,17,18-Oct-2025,uneven,front,foil
IMG_0690.jpg,228,125,118,17,12/07/2027,artificial,top,foil
IMG_0691.jpg,220,125,118,17,24/08/2026,low-light,front,paper
IMG_0692.jpg,330,184,120,17,2026-07-15,uneven,tilted,cardboard
IMG_0693.jpg,390,193,132,17,27-Jan-2026,low-light,top,paper
IMG_0694.jpg,226,156,120,17,2025-08-28,backlit,tilted,foil
IMG_0695.jpg,269,222,132,17,08-Jan-2026,backlit,top,foil
IMG_0696.jpg,382,127,120,17,2026-07-02,artificial,front,foil
IMG_0697.jpg,200,167,132,17,14-Jan-2026,natural,front,plastic
IMG_0698.jpg,115,248,132,17,25-Jan-2027,uneven,top,cardboard
IMG_0699.jpg,382,166,118,17,29/03/2026,uneven,top,paper
IMG_0700.jpg,214,297,120,17,2026-09-02,uneven,tilted,paper
IMG_0701.jpg,361,123,136,17,12-Dec-2026,backlit,tilted,cardboard
IMG_0702.jpg,222,257,136,22,03-Sep-2025,artificial,oblique,glass
IMG_0703.jpg,389,244,118,17,03/02/2026,artificial,top,foil
IMG_0704.jpg,349,159,118,17,04/10/2025,natural,tilted,foil
IMG_0705.jpg,205,232,118,17,20/04/2026,low-light,top,glass
IMG_0706.jpg,120,266,118,17,02/12/2026,low-light,front,cardboard
IMG_0707.jpg,234,248,120,17,2027-06-03,uneven,oblique,glass
IMG_0708.jpg,287,250,120,17,2027-06-24,natural,tilted,glass
IMG_0709.jpg,307,190,131,22,09-Apr-2026,low-light,top,glass
IMG_0710.jpg,356,135,118,17,04/05/2027,backlit,oblique,paper
IMG_0711.jpg,243,154,136,17,10-Nov-2025,artificial,oblique,paper
IMG_0712.jpg,160,269,136,22,29-Aug-2026,artificial,top,foil
IMG_0713.jpg,345,222,120,17,2025-12-18,artificial,oblique,glass
IMG_0714.jpg,122,132,118,17,15/09/2025,uneven,oblique,paper
IMG_0715.jpg,120,246,139,22,30-May-2027,artificial,front,paper
IMG_0716.jpg,364,203,118,17,15/05/2026,uneven,front,foil
IMG_0717.jpg,329,255,118,17,19/11/2025,backlit,top,paper
IMG_0718.jpg,173,249,120,17,2026-04-05,artificial,tilted,paper
IMG_0719.jpg,135,158,120,17,2026-08-09,backlit,top,paper
IMG_0720.jpg,203,233,118,17,13/12/2025,uneven,top,paper
IMG_0721.jpg,190,221,118,17,06/05/2027,uneven,front,cardboard
IMG_0722.jpg,147,223,118,17,21/01/2027,artificial,front,glass
IMG_0723.jpg,289,111,120,17,2027-02-09,uneven,top,paper
IMG_0724.jpg,279,250,120,17,2026-12-30,uneven,front,glass
IMG_0725.jpg,344,296,120,17,2026-01-08,artificial,front,foil
IMG_0726.jpg,309,165,131,22,28-Apr-2027,artificial,front,plastic
IMG_0727.jpg,160,233,131,22,07-Apr-2027,natural,top,paper
IMG_0728.jpg,285,127,120,17,2026-07-13,artificial,top,cardboard
IMG_0729.jpg,374,208,120,17,2026-05-10,uneven,tilted,cardboard
IMG_0730.jpg,303,293,132,17,02-Jun-2026,artificial,top,cardboard
IMG_0731.jpg,191,194,120,17,2027-03-17,uneven,top,foil
IMG_0732.jpg,276,298,124,17,04-Jul-2026,backlit,oblique,plastic
IMG_0733.jpg,182,125,120,17,2026-04-16,artificial,top,foil
IMG_0734.jpg,126,141,135,17,10-Mar-2027,backlit,front,plastic
IMG_0735.jpg,322,122,120,17,2026-01-19,natural,tilted,paper
IMG_0736.jpg,119,285,118,17,07/09/2026,backlit,top,cardboard
IMG_0737.jpg,246,282,132,17,26-Jun-2027,uneven,front,paper
IMG_0738.jpg,324,102,120,17,2027-06-10,artificial,tilted,paper
IMG_0739.jpg,361,232,136,22,27-Sep-2025,artificial,oblique,plastic
IMG_0740.jpg,100,140,118,17,27/08/2026,natural,tilted,glass
IMG_0741.jpg,302,203,136,22,20-Aug-2026,uneven,oblique,cardboard
IMG_0742.jpg,135,123,136,22,08-Sep-2025,uneven,tilted,cardboard
IMG_0743.jpg,277,170,120,17,2027-04-12,artificial,oblique,glass
IMG_0744.jpg,102,166,132,17,11-Oct-2026,artificial,top,cardboard
IMG_0745.jpg,137,228,136,17,11-Dec-2025,low-light,tilted,plastic
IMG_0746.jpg,375,247,120,17,2027-01-31,low-light,top,glass
IMG_0747.jpg,224,293,120,17,2027-03-23,low-light,top,glass
IMG_0748.jpg,346,129,118,17,16/04/2027,low-light,front,glass
IMG_0749.jpg,217,180,118,17,03/06/2027,backlit,tilted,cardboard
IMG_0750.jpg,234,163,118,17,23/02/2027,low-light,front,glass
IMG_0751.jpg,275,119,124,17,14-Jul-2027,uneven,oblique,glass
IMG_0752.jpg,211,246,120,17,2026-07-11,low-light,oblique,paper
IMG_0753.jpg,202,160,132,17,16-Jan-2027,artificial,tilted,paper
IMG_0754.jpg,227,258,118,17,15/04/2026,low-light,oblique,plastic
IMG_0755.jpg,352,257,118,17,24/12/2025,natural,front,glass
IMG_0756.jpg,261,226,136,22,08-Sep-2026,uneven,tilted,glass
IMG_0757.jpg,243,201,135,17,27-Feb-2026,artificial,oblique,plastic
IMG_0758.jpg,344,238,120,17,2027-02-13,natural,tilted,glass
IMG_0759.jpg,161,278,120,17,2026-02-18,uneven,top,foil
IMG_0760.jpg,207,197,118,17,01/09/2025,uneven,front,foil
IMG_0761.jpg,232,147,136,22,29-Aug-2026,uneven,tilted,paper
IMG_0762.jpg,275,193,120,17,2026-05-26,artificial,top,glass
IMG_0763.jpg,290,193,120,17,2026-03-27,backlit,tilted,glass
IMG_0764.jpg,167,247,135,17,24-Feb-2026,artificial,front,foil
IMG_0765.jpg,321,197,131,22,22-Apr-2026,artificial,oblique,paper
IMG_0766.jpg,190,207,118,17,21/12/2026,backlit,oblique,cardboard
IMG_0767.jpg,261,224,135,17,21-Feb-2027,low-light,tilted,cardboard
IMG_0768.jpg,303,125,118,17,28/03/2027,artificial,front,paper
IMG_0769.jpg,149,215,120,17,2026-05-11,low-light,tilted,foil
IMG_0770.jpg,385,165,136,22,27-Aug-2026,low-light,front,glass
IMG_0771.jpg,201,247,120,17,2025-12-26,uneven,oblique,foil
IMG_0772.jpg,361,224,120,17,2026-08-22,backlit,front,glass
IMG_0773.jpg,337,261,120,17,2027-05-14,artificial,oblique,foil
IMG_0774.jpg,392,203,132,17,29-Oct-2026,natural,front,paper
IMG_0775.jpg,260,181,118,17,10/08/2026,low-light,tilted,cardboard
IMG_0776.jpg,238,213,120,17,2027-06-15,low-light,top,glass
IMG_0777.jpg,111,132,118,17,11/02/2026,artificial,tilted,plastic
IMG_0778.jpg,303,126,118,17,27/03/2026,natural,front,glass
IMG_0779.jpg,113,297,118,17,08/03/2027,backlit,front,plastic
IMG_0780.jpg,179,121,139,22,19-May-2026,backlit,tilted,paper
IMG_0781.jpg,245,213,139,22,04-May-2026,artificial,oblique,cardboard
IMG_0782.jpg,117,269,118,17,14/02/2026,low-light,tilted,glass
IMG_0783.jpg,239,240,136,17,15-Dec-2026,backlit,oblique,cardboard
IMG_0784.jpg,333,261,135,17,21-Feb-2026,uneven,top,cardboard
IMG_0785.jpg,373,179,132,17,10-Jun-2027,low-light,top,cardboard
IMG_0786.jpg,326,178,118,17,13/04/2026,low-light,top,foil
IMG_0787.jpg,105,100,120,17,2026-01-30,uneven,oblique,foil
IMG_0788.jpg,373,102,120,17,2026-06-13,backlit,top,foil
IMG_0789.jpg,249,252,120,17,2025-09-02,artificial,front,cardboard
IMG_0790.jpg,310,243,118,17,10/09/2026,backlit,top,paper
IMG_0791.jpg,299,196,135,17,07-Feb-2026,artificial,tilted,plastic
IMG_0792.jpg,222,232,132,17,30-Oct-2026,uneven,tilted,foil
IMG_0793.jpg,372,168,132,17,19-Jun-2027,backlit,oblique,plastic
IMG_0794.jpg,248,128,118,17,26/02/2026,backlit,top,foil
IMG_0795.jpg,196,182,120,17,2027-05-23,natural,oblique,plastic
IMG_0796.jpg,195,126,118,17,22/02/2027,low-light,tilted,paper
IMG_0797.jpg,104,159,136,17,15-Nov-2026,natural,oblique,plastic
IMG_0798.jpg,275,207,118,17,11/01/2027,low-light,top,foil
IMG_0799.jpg,116,184,136,17,11-Dec-2026,natural,oblique,plastic
IMG_0800.jpg,136,239,120,17,2026-05-23,backlit,oblique,paper
IMG_0801.jpg,106,131,120,17,2026-05-07,artificial,top,glass
IMG_0802.jpg,117,150,139,22,04-May-2026,backlit,front,cardboard
IMG_0803.jpg,342,199,118,17,06/07/2027,low-light,tilted,paper
IMG_0804.jpg,121,290,139,22,30-May-2027,uneven,front,foil
IMG_0805.jpg,252,150,136,17,29-Dec-2026,low-light,front,paper
IMG_0806.jpg,322,183,118,17,17/12/2025,natural,oblique,foil
IMG_0807.jpg,302,162,118,17,14/04/2027,natural,front,cardboard
IMG_0808.jpg,179,195,136,17,23-Dec-2026,natural,oblique,paper
IMG_0809.jpg,273,294,118,17,17/01/2027,natural,front,foil
IMG_0810.jpg,374,127,118,17,15/06/2027,artificial,top,paper
IMG_0811.jpg,277,212,124,17,14-Jul-2026,artificial,front,glass
IMG_0812.jpg,168,164,136,22,25-Aug-2026,natural,top,glass
IMG_0813.jpg,377,278,120,17,2027-03-19,backlit,oblique,cardboard
IMG_0814.jpg,278,182,135,17,03-Mar-2026,backlit,tilted,cardboard
IMG_0815.jpg,135,235,118,17,14/03/2027,artificial,top,foil
IMG_0816.jpg,287,216,139,22,20-May-2026,natural,top,paper
IMG_0817.jpg,286,298,136,22,12-Sep-2025,uneven,oblique,foil
IMG_0818.jpg,375,199,132,17,27-Oct-2025,artificial,top,cardboard
IMG_0819.jpg,244,182,132,17,28-Jan-2026,backlit,tilted,plastic
IMG_0820.jpg,134,111,136,17,30-Nov-2025,artificial,oblique,plastic
IMG_0821.jpg,348,149,118,17,18/03/2026,natural,front,cardboard
IMG_0822.jpg,350,234,120,17,2027-06-12,uneven,tilted,plastic
IMG_0823.jpg,136,103,118,17,03/09/2026,artificial,top,plastic
IMG_0824.jpg,131,192,136,17,16-Dec-2026,uneven,top,foil
IMG_0825.jpg,236,235,132,17,22-Oct-2025,natural,front,foil
IMG_0826.jpg,365,124,118,17,11/11/2025,natural,oblique,cardboard
IMG_0827.jpg,198,234,118,17,22/09/2026,artificial,oblique,cardboard
IMG_0828.jpg,154,296,120,17,2027-03-18,uneven,tilted,glass
IMG_0829.jpg,153,142,120,17,2027-07-06,artificial,top,cardboard
IMG_0830.jpg,180,236,136,22,04-Aug-2026,uneven,top,foil
IMG_0831.jpg,266,195,124,17,12-Jul-2026,backlit,top,foil
IMG_0832.jpg,388,239,118,17,09/05/2027,artificial,top,cardboard
IMG_0833.jpg,331,214,120,17,2026-05-11,backlit,front,plastic
IMG_0834.jpg,108,232,132,17,11-Jun-2026,artificial,tilted,plastic
IMG_0835.jpg,209,180,118,17,27/06/2026,natural,tilted,cardboard
IMG_0836.jpg,392,246,132,17,29-Jan-2027,artificial,front,plastic
IMG_0837.jpg,179,135,120,17,2026-12-08,low-light,tilted,cardboard
IMG_0838.jpg,231,176,118,17,06/05/2026,natural,top,cardboard
IMG_0839.jpg,139,285,131,22,03-Apr-2026,low-light,top,paper
IMG_0840.jpg,395,124,132,17,05-Jan-2027,uneven,tilted,plastic
IMG_0841.jpg,140,299,120,17,2027-04-06,natural,tilted,foil
IMG_0842.jpg,161,297,120,17,2026-11-11,artificial,front,glass
IMG_0843.jpg,368,110,120,17,2025-10-18,low-light,oblique,foil
IMG_0844.jpg,213,139,132,17,20-Jan-2027,natural,top,glass
IMG_0845.jpg,358,123,131,22,25-Apr-2027,artificial,top,foil
IMG_0846.jpg,167,186,118,17,01/10/2026,natural,top,cardboard
IMG_0847.jpg,304,167,132,17,13-Oct-2025,natural,top,cardboard
IMG_0848.jpg,166,295,136,17,11-Nov-2026,artificial,top,cardboard
IMG_0849.jpg,302,266,120,17,2026-03-14,uneven,oblique,cardboard
IMG_0850.jpg,368,163,139,22,16-May-2027,artificial,front,foil
IMG_0851.jpg,394,122,120,17,2026-11-07,natural,top,glass
IMG_0852.jpg,197,182,120,17,2026-09-02,low-light,front,foil
IMG_0853.jpg,326,259,120,17,2026-02-13,artificial,top,plastic
IMG_0854.jpg,291,139,118,17,20/04/2026,natural,front,plastic
IMG_0855.jpg,175,173,131,22,29-Apr-2026,natural,tilted,plastic
IMG_0856.jpg,341,105,120,17,2026-07-02,low-light,oblique,cardboard
IMG_0857.jpg,379,233,118,17,28/03/2026,low-light,top,cardboard
IMG_0858.jpg,109,196,132,17,15-Jan-2026,uneven,front,foil
IMG_0859.jpg,245,151,118,17,14/02/2026,uneven,tilted,plastic
IMG_0860.jpg,104,117,136,17,13-Dec-2026,backlit,tilted,foil
IMG_0861.jpg,249,266,118,17,12/12/2025,backlit,oblique,glass
IMG_0862.jpg,150,180,132,17,26-Jan-2027,backlit,front,paper
IMG_0863.jpg,334,243,135,17,15-Mar-2026,natural,front,paper
IMG_0864.jpg,270,225,120,17,2027-02-17,backlit,oblique,plastic
IMG_0865.jpg,280,190,136,22,14-Aug-2026,low-light,oblique,cardboard
IMG_0866.jpg,231,199,118,17,02/06/2026,natural,tilted,paper
IMG_0867.jpg,301,268,120,17,2026-01-26,artificial,front,glass
IMG_0868.jpg,216,206,135,17,08-Feb-2027,artificial,oblique,glass
IMG_0869.jpg,268,214,124,17,09-Jul-2026,uneven,oblique,paper
IMG_0870.jpg,397,238,118,17,23/06/2027,artificial,oblique,foil
IMG_0871.jpg,320,297,118,17,11/02/2027,artificial,oblique,foil
IMG_0872.jpg,372,284,136,17,01-Nov-2025,natural,oblique,foil
IMG_0873.jpg,115,295,132,17,20-Jan-2026,low-light,top,glass
IMG_0874.jpg,240,138,120,17,2026-06-30,artificial,front,paper
IMG_0875.jpg,236,255,118,17,01/03/2026,uneven,oblique,cardboard
IMG_0876.jpg,113,191,118,17,18/04/2026,natural,top,paper
IMG_0877.jpg,340,282,132,17,20-Jan-2027,low-light,oblique,glass
IMG_0878.jpg,170,141,120,17,2027-01-09,artificial,oblique,plastic
IMG_0879.jpg,238,205,118,17,16/10/2026,artificial,oblique,paper
IMG_0880.jpg,324,257,118,17,30/10/2025,backlit,tilted,glass
IMG_0881.jpg,307,298,120,17,2026-05-03,natural,top,foil
IMG_0882.jpg,392,252,132,17,01-Oct-2026,uneven,front,cardboard
IMG_0883.jpg,333,110,120,17,2025-12-13,artificial,top,plastic
IMG_0884.jpg,364,295,120,17,2027-03-18,natural,oblique,foil
IMG_0885.jpg,255,298,120,17,2026-11-17,low-light,top,paper
IMG_0886.jpg,127,276,120,17,2026-10-30,uneven,oblique,glass
IMG_0887.jpg,146,284,120,17,2027-06-16,uneven,front,paper
IMG_0888.jpg,379,134,131,22,15-Apr-2027,backlit,top,foil
IMG_0889.jpg,191,216,118,17,28/11/2026,uneven,oblique,glass
IMG_0890.jpg,265,277,120,17,2025-11-24,artificial,front,plastic
IMG_0891.jpg,330,262,136,17,18-Dec-2025,low-light,front,cardboard
IMG_0892.jpg,361,256,136,22,21-Sep-2026,artificial,top,cardboard
IMG_0893.jpg,187,185,118,17,17/09/2026,uneven,oblique,paper
IMG_0894.jpg,126,207,118,17,19/01/2026,low-light,tilted,glass
IMG_0895.jpg,192,130,132,17,15-Jun-2026,artificial,oblique,plastic
IMG_0896.jpg,106,217,120,17,2027-05-23,backlit,top,cardboard
IMG_0897.jpg,352,160,136,22,29-Aug-2025,artificial,top,glass
IMG_0898.jpg,140,253,120,17,2026-10-17,uneven,front,paper
IMG_0899.jpg,385,153,120,17,2027-03-07,natural,oblique,paper
IMG_0900.jpg,278,109,132,17,19-Oct-2025,artificial,front,cardboard
IMG_0901.jpg,269,122,120,17,2027-05-03,natural,front,glass
IMG_0902.jpg,245,256,118,17,22/02/2026,uneven,oblique,glass
IMG_0903.jpg,118,123,120,17,2027-04-08,low-light,tilted,foil
IMG_0904.jpg,318,240,118,17,16/09/2026,natural,tilted,glass
IMG_0905.jpg,240,184,118,17,08/01/2026,uneven,top,cardboard
IMG_0906.jpg,207,256,135,17,26-Mar-2026,natural,front,cardboard
IMG_0907.jpg,144,223,139,22,30-May-2027,uneven,tilted,glass
IMG_0908.jpg,232,234,120,17,2027-05-09,uneven,tilted,paper
IMG_0909.jpg,354,233,139,22,15-May-2027,backlit,top,paper
IMG_0910.jpg,248,149,118,17,10/05/2027,natural,front,plastic
IMG_0911.jpg,160,288,136,17,13-Dec-2026,artificial,top,glass
IMG_0912.jpg,279,243,120,17,2025-10-09,artificial,front,paper
IMG_0913.jpg,134,178,120,17,2026-06-08,low-light,tilted,plastic
IMG_0914.jpg,270,187,136,17,18-Dec-2025,backlit,front,paper
IMG_0915.jpg,273,272,120,17,2026-03-10,backlit,top,plastic
IMG_0916.jpg,346,139,118,17,16/06/2027,backlit,tilted,glass
IMG_0917.jpg,128,233,132,17,21-Oct-2026,low-light,tilted,cardboard
IMG_0918.jpg,206,247,118,17,23/02/2027,low-light,tilted,plastic
IMG_0919.jpg,115,186,120,17,2026-01-23,backlit,oblique,cardboard
IMG_0920.jpg,195,252,120,17,2027-05-06,natural,tilted,foil
IMG_0921.jpg,311,122,120,17,2025-09-25,backlit,oblique,foil
IMG_0922.jpg,210,234,120,17,2026-11-29,low-light,oblique,plastic
IMG_0923.jpg,203,123,118,17,11/09/2026,backlit,front,glass
IMG_0924.jpg,197,187,118,17,18/01/2027,backlit,tilted,foil
IMG_0925.jpg,364,273,118,17,17/01/2026,artificial,oblique,plastic
IMG_0926.jpg,367,129,120,17,2026-12-07,natural,tilted,plastic
IMG_0927.jpg,270,219,118,17,24/04/2027,natural,front,cardboard
IMG_0928.jpg,259,105,132,17,29-Jun-2027,uneven,tilted,paper
IMG_0929.jpg,198,173,118,17,18/07/2026,low-light,tilted,glass
IMG_0930.jpg,239,138,118,17,12/07/2027,artificial,tilted,plastic
IMG_0931.jpg,386,231,136,22,08-Sep-2025,natural,oblique,cardboard
IMG_0932.jpg,263,169,136,22,17-Aug-2026,artificial,tilted,cardboard
IMG_0933.jpg,136,179,118,17,01/05/2026,uneven,tilted,cardboard
IMG_0934.jpg,166,107,118,17,21/11/2026,backlit,front,plastic
IMG_0935.jpg,144,209,118,17,20/09/2026,backlit,oblique,cardboard
IMG_0936.jpg,328,257,131,22,22-Apr-2027,low-light,tilted,foil
IMG_0937.jpg,373,120,135,17,14-Mar-2026,backlit,oblique,plastic
IMG_0938.jpg,333,179,118,17,16/12/2026,backlit,top,paper
IMG_0939.jpg,232,193,118,17,10/04/2026,backlit,oblique,foil
IMG_0940.jpg,349,107,120,17,2026-07-22,natural,top,plastic
IMG_0941.jpg,336,143,120,17,2026-08-18,low-light,tilted,cardboard
IMG_0942.jpg,360,126,118,17,04/04/2027,backlit,front,foil
IMG_0943.jpg,136,177,135,17,16-Mar-2027,uneven,top,glass
IMG_0944.jpg,222,258,120,17,2027-04-20,artificial,oblique,glass
IMG_0945.jpg,274,153,118,17,21/09/2026,uneven,top,glass
IMG_0946.jpg,378,277,120,17,2027-03-27,artificial,oblique,plastic
IMG_0947.jpg,158,251,120,17,2027-04-03,uneven,top,foil
IMG_0948.jpg,327,145,118,17,15/03/2027,low-light,top,plastic
IMG_0949.jpg,294,183,118,17,28/04/2027,backlit,front,plastic
IMG_0950.jpg,397,293,118,17,03/04/2026,natural,oblique,paper
IMG_0951.jpg,249,199,136,17,30-Nov-2026,uneven,top,paper
IMG_0952.jpg,262,176,135,17,22-Mar-2026,uneven,tilted,glass
IMG_0953.jpg,398,102,118,17,11/08/2026,uneven,top,paper
IMG_0954.jpg,289,240,118,17,21/06/2026,natural,front,cardboard
IMG_0955.jpg,244,107,118,17,26/08/2026,artificial,top,cardboard
IMG_0956.jpg,262,282,132,17,01-Oct-2026,backlit,top,glass
IMG_0957.jpg,208,269,136,17,12-Nov-2026,artificial,top,paper
IMG_0958.jpg,296,192,135,17,04-Mar-2026,backlit,oblique,foil
IMG_0959.jpg,168,102,118,17,11/07/2027,natural,front,paper
IMG_0960.jpg,323,134,132,17,04-Jan-2027,natural,oblique,glass
IMG_0961.jpg,317,259,136,17,03-Dec-2026,artificial,top,cardboard
IMG_0962.jpg,330,198,136,17,01-Nov-2026,low-light,oblique,paper
IMG_0963.jpg,103,247,136,17,01-Nov-2026,backlit,oblique,cardboard
IMG_0964.jpg,379,247,120,17,2026-05-26,low-light,front,plastic
IMG_0965.jpg,288,128,120,17,2027-03-28,uneven,top,plastic
IMG_0966.jpg,369,292,132,17,16-Jan-2026,low-light,top,cardboard
IMG_0967.jpg,145,162,136,17,12-Nov-2025,backlit,front,cardboard
IMG_0968.jpg,127,187,120,17,2027-04-09,uneven,front,glass
IMG_0969.jpg,340,246,136,17,01-Dec-2026,low-light,top,foil
IMG_0970.jpg,185,109,120,17,2026-06-21,uneven,tilted,cardboard
IMG_0971.jpg,342,248,118,17,17/05/2026,artificial,front,foil
IMG_0972.jpg,246,224,118,17,25/05/2027,natural,oblique,cardboard
IMG_0973.jpg,229,133,120,17,2025-11-10,uneven,tilted,foil
IMG_0974.jpg,157,254,118,17,14/05/2026,artificial,oblique,glass
IMG_0975.jpg,233,300,118,17,06/09/2026,artificial,top,paper
IMG_0976.jpg,275,121,118,17,15/02/2027,artificial,oblique,glass
IMG_0977.jpg,221,269,120,17,2026-10-20,backlit,oblique,paper
IMG_0978.jpg,276,113,131,22,07-Apr-2027,low-light,front,plastic
IMG_0979.jpg,304,221,120,17,2026-02-11,low-light,top,cardboard
IMG_0980.jpg,299,221,120,17,2026-04-20,low-light,oblique,cardboard
IMG_0981.jpg,247,214,118,17,12/11/2026,backlit,tilted,cardboard
IMG_0982.jpg,149,236,118,17,24/07/2027,low-light,top,cardboard
IMG_0983.jpg,271,169,120,17,2027-06-22,low-light,front,foil
IMG_0984.jpg,300,218,132,17,25-Jun-2027,artificial,oblique,cardboard
IMG_0985.jpg,192,180,136,22,04-Aug-2026,uneven,front,plastic
IMG_0986.jpg,310,125,118,17,01/11/2025,uneven,front,glass
IMG_0987.jpg,245,164,118,17,18/08/2026,artificial,front,plastic
IMG_0988.jpg,129,252,118,17,20/05/2027,artificial,front,plastic
IMG_0989.jpg,166,196,136,17,20-Nov-2025,uneven,oblique,plastic
IMG_0990.jpg,250,219,120,17,2026-02-28,natural,top,foil
IMG_0991.jpg,265,165,136,17,04-Nov-2026,artificial,front,foil
IMG_0992.jpg,298,185,120,17,2025-10-26,natural,tilted,foil
IMG_0993.jpg,135,225,120,17,2026-02-22,artificial,top,paper
IMG_0994.jpg,155,136,120,17,2027-06-15,uneven,top,paper
IMG_0995.jpg,154,213,139,22,14-May-2027,low-light,front,plastic
IMG_0996.jpg,392,286,118,17,06/11/2025,low-light,top,plastic
IMG_0997.jpg,100,109,118,17,15/01/2027,backlit,tilted,paper
IMG_0998.jpg,394,100,120,17,2026-07-27,uneven,top,glass
IMG_0999.jpg,135,238,120,17,2026-11-13,artificial,front,glass
